{"mean": [392.4786130464994, 488.05099393404447, 808.8260509784405, 953.7011415921725, 2098.826290189303, 1972.0203120304989, 1355.1714360163762, 103.69920043945312, 107.6578150822566, 293.8048560509315, 35.04457209660457, 9.795645376352164], "std": [271.894283391368, 322.28083253953844, 408.4192161290802, 580.4909721907269, 1038.3319162473472, 1161.4355444102098, 943.6817941468412, 49.87600250958648, 1446.5815717249786, 442.50731314468743, 20.258022287816342, 27.87131115417623]}